,Keywords,Topic_Perc_Contrib,Dominant_Topic
0,"india, northern, period, world, southern, dynasty, rule, plain, result, early",0.8363999724388123,5.0
1,"india, northern, period, world, southern, dynasty, rule, plain, result, early",0.38659998774528503,5.0
2,"name, feature, make, olympus, valley, map, new, establish, play, albedo",0.6672000288963318,2.0
3,"defeat, india, team, point, tournament, year, many, contain, match, war",0.4616999924182892,1.0
4,"india, northern, period, world, southern, dynasty, rule, plain, result, early",0.8091999888420105,5.0
5,"name, feature, make, olympus, valley, map, new, establish, play, albedo",0.9010999798774719,2.0
6,"india, northern, period, world, southern, dynasty, rule, plain, result, early",0.7631999850273132,5.0
7,"india, northern, period, world, southern, dynasty, rule, plain, result, early",0.6466000080108643,5.0
8,"india, northern, period, world, southern, dynasty, rule, plain, result, early",0.5115000009536743,5.0
9,"india, northern, period, world, southern, dynasty, rule, plain, result, early",0.8773999810218811,5.0
10,"defeat, india, team, point, tournament, year, many, contain, match, war",0.9165999889373779,1.0
11,"india, northern, period, world, southern, dynasty, rule, plain, result, early",0.9021000266075134,5.0
12,"india, northern, period, world, southern, dynasty, rule, plain, result, early",0.5708000063896179,5.0
13,"mar, water, surface, earth, crater, large, ice, name, area, small",0.8845000267028809,0.0
14,"name, feature, make, olympus, valley, map, new, establish, play, albedo",0.6901999711990356,2.0
15,"india, empire, kingdom, company, maratha, later, show, become, east, however",0.7512999773025513,4.0
16,"india, northern, period, world, southern, dynasty, rule, plain, result, early",0.20489999651908875,5.0
17,"india, northern, period, world, southern, dynasty, rule, plain, result, early",0.8353000283241272,5.0
18,"india, northern, period, world, southern, dynasty, rule, plain, result, early",0.9361000061035156,5.0
19,"defeat, india, team, point, tournament, year, many, contain, match, war",0.5206000208854675,1.0
20,"india, empire, kingdom, company, maratha, later, show, become, east, however",0.5776000022888184,4.0
21,"defeat, india, team, point, tournament, year, many, contain, match, war",0.47839999198913574,1.0
22,"india, empire, kingdom, company, maratha, later, show, become, east, however",0.8094000220298767,4.0
23,"india, northern, period, world, southern, dynasty, rule, plain, result, early",0.8873999714851379,5.0
24,"name, feature, make, olympus, valley, map, new, establish, play, albedo",0.5335000157356262,2.0
25,"india, northern, period, world, southern, dynasty, rule, plain, result, early",0.7833999991416931,5.0
26,"india, northern, period, world, southern, dynasty, rule, plain, result, early",0.5644999742507935,5.0
27,"defeat, india, team, point, tournament, year, many, contain, match, war",0.5907999873161316,1.0
28,"india, northern, period, world, southern, dynasty, rule, plain, result, early",0.4068000018596649,5.0
29,"india, northern, period, world, southern, dynasty, rule, plain, result, early",0.9467999935150146,5.0
30,"india, empire, kingdom, company, maratha, later, show, become, east, however",0.8537999987602234,4.0
31,"india, empire, kingdom, company, maratha, later, show, become, east, however",0.6901999711990356,4.0
32,"india, northern, period, world, southern, dynasty, rule, plain, result, early",0.8497999906539917,5.0
33,"defeat, india, team, point, tournament, year, many, contain, match, war",0.7677000164985657,1.0
34,"india, northern, period, world, southern, dynasty, rule, plain, result, early",0.8774999976158142,5.0
35,"name, feature, make, olympus, valley, map, new, establish, play, albedo",0.6861000061035156,2.0
36,"mar, water, surface, earth, crater, large, ice, name, area, small",0.4814999997615814,0.0
37,"india, northern, period, world, southern, dynasty, rule, plain, result, early",0.20489999651908875,5.0
38,"defeat, india, team, point, tournament, year, many, contain, match, war",0.4546000063419342,1.0
39,"defeat, india, team, point, tournament, year, many, contain, match, war",0.7135999798774719,1.0
40,"name, feature, make, olympus, valley, map, new, establish, play, albedo",0.7232999801635742,2.0
41,"defeat, india, team, point, tournament, year, many, contain, match, war",0.7099000215530396,1.0
42,"defeat, india, team, point, tournament, year, many, contain, match, war",0.802299976348877,1.0
43,"defeat, india, team, point, tournament, year, many, contain, match, war",0.7031000256538391,1.0
44,"india, northern, period, world, southern, dynasty, rule, plain, result, early",0.20489999651908875,5.0
45,"name, feature, make, olympus, valley, map, new, establish, play, albedo",0.4796999990940094,2.0
46,"india, northern, period, world, southern, dynasty, rule, plain, result, early",0.6478999853134155,5.0
47,"mar, water, surface, earth, crater, large, ice, name, area, small",0.6836000084877014,0.0
48,"india, northern, period, world, southern, dynasty, rule, plain, result, early",0.20489999651908875,5.0
49,"defeat, india, team, point, tournament, year, many, contain, match, war",0.7735000252723694,1.0
50,"india, northern, period, world, southern, dynasty, rule, plain, result, early",0.20489999651908875,5.0
51,"mar, call, cup, impact, cover, cap, pole, martian, size, hemisphere",0.46880000829696655,3.0
52,"india, northern, period, world, southern, dynasty, rule, plain, result, early",0.20489999651908875,5.0
53,"defeat, india, team, point, tournament, year, many, contain, match, war",0.5981000065803528,1.0
54,"name, feature, make, olympus, valley, map, new, establish, play, albedo",0.4309000074863434,2.0
55,"india, empire, kingdom, company, maratha, later, show, become, east, however",0.6991999745368958,4.0
56,"india, northern, period, world, southern, dynasty, rule, plain, result, early",0.5372999906539917,5.0
57,"mar, call, cup, impact, cover, cap, pole, martian, size, hemisphere",0.6245999932289124,3.0
58,"india, empire, kingdom, company, maratha, later, show, become, east, however",0.3978999853134155,4.0
59,"name, feature, make, olympus, valley, map, new, establish, play, albedo",0.8034999966621399,2.0
60,"defeat, india, team, point, tournament, year, many, contain, match, war",0.36739999055862427,1.0
61,"name, feature, make, olympus, valley, map, new, establish, play, albedo",0.7692000269889832,2.0
62,"defeat, india, team, point, tournament, year, many, contain, match, war",0.6223000288009644,1.0
63,"india, northern, period, world, southern, dynasty, rule, plain, result, early",0.6820999979972839,5.0
64,"name, feature, make, olympus, valley, map, new, establish, play, albedo",0.421999990940094,2.0
65,"mar, water, surface, earth, crater, large, ice, name, area, small",0.38589999079704285,0.0
66,"name, feature, make, olympus, valley, map, new, establish, play, albedo",0.8230999708175659,2.0
67,"defeat, india, team, point, tournament, year, many, contain, match, war",0.5990999937057495,1.0
68,"india, northern, period, world, southern, dynasty, rule, plain, result, early",0.20489999651908875,5.0
69,"name, feature, make, olympus, valley, map, new, establish, play, albedo",0.7544999718666077,2.0
70,"mar, call, cup, impact, cover, cap, pole, martian, size, hemisphere",0.5400999784469604,3.0
71,"india, northern, period, world, southern, dynasty, rule, plain, result, early",0.9135000109672546,5.0
72,"mar, water, surface, earth, crater, large, ice, name, area, small",0.5407999753952026,0.0
73,"mar, water, surface, earth, crater, large, ice, name, area, small",0.8999000191688538,0.0
74,"india, northern, period, world, southern, dynasty, rule, plain, result, early",0.781499981880188,5.0
75,"india, northern, period, world, southern, dynasty, rule, plain, result, early",0.7739999890327454,5.0
76,"india, northern, period, world, southern, dynasty, rule, plain, result, early",0.4357999861240387,5.0
77,"india, northern, period, world, southern, dynasty, rule, plain, result, early",0.7939000129699707,5.0
78,"name, feature, make, olympus, valley, map, new, establish, play, albedo",0.7947999835014343,2.0
79,"name, feature, make, olympus, valley, map, new, establish, play, albedo",0.5467000007629395,2.0
80,"name, feature, make, olympus, valley, map, new, establish, play, albedo",0.8392999768257141,2.0
81,"india, northern, period, world, southern, dynasty, rule, plain, result, early",0.7013999819755554,5.0
82,"india, northern, period, world, southern, dynasty, rule, plain, result, early",0.6261000037193298,5.0
83,"defeat, india, team, point, tournament, year, many, contain, match, war",0.774399995803833,1.0
84,"name, feature, make, olympus, valley, map, new, establish, play, albedo",0.8044000267982483,2.0
85,"india, northern, period, world, southern, dynasty, rule, plain, result, early",0.8381999731063843,5.0
86,"india, northern, period, world, southern, dynasty, rule, plain, result, early",0.7847999930381775,5.0
87,"india, northern, period, world, southern, dynasty, rule, plain, result, early",0.9010999798774719,5.0
88,"india, empire, kingdom, company, maratha, later, show, become, east, however",0.833299994468689,4.0
89,"india, northern, period, world, southern, dynasty, rule, plain, result, early",0.4399000108242035,5.0
90,"india, northern, period, world, southern, dynasty, rule, plain, result, early",0.4964999854564667,5.0
91,"india, northern, period, world, southern, dynasty, rule, plain, result, early",0.5254999995231628,5.0
92,"india, northern, period, world, southern, dynasty, rule, plain, result, early",0.939300000667572,5.0
93,"name, feature, make, olympus, valley, map, new, establish, play, albedo",0.6043999791145325,2.0
94,"india, empire, kingdom, company, maratha, later, show, become, east, however",0.7451000213623047,4.0
95,"india, northern, period, world, southern, dynasty, rule, plain, result, early",0.7591000199317932,5.0
96,"mar, call, cup, impact, cover, cap, pole, martian, size, hemisphere",0.4925000071525574,3.0
97,"india, northern, period, world, southern, dynasty, rule, plain, result, early",0.7684999704360962,5.0
98,"india, northern, period, world, southern, dynasty, rule, plain, result, early",0.739300012588501,5.0
99,"india, empire, kingdom, company, maratha, later, show, become, east, however",0.8571000099182129,4.0
100,"defeat, india, team, point, tournament, year, many, contain, match, war",0.6248000264167786,1.0
101,"defeat, india, team, point, tournament, year, many, contain, match, war",0.36390000581741333,1.0
102,"india, northern, period, world, southern, dynasty, rule, plain, result, early",0.20489999651908875,5.0
103,"india, empire, kingdom, company, maratha, later, show, become, east, however",0.5684000253677368,4.0
104,"india, empire, kingdom, company, maratha, later, show, become, east, however",0.5940999984741211,4.0
105,"india, northern, period, world, southern, dynasty, rule, plain, result, early",0.4602000117301941,5.0
106,"india, empire, kingdom, company, maratha, later, show, become, east, however",0.7124000191688538,4.0
107,"india, empire, kingdom, company, maratha, later, show, become, east, however",0.5964000225067139,4.0
108,"india, northern, period, world, southern, dynasty, rule, plain, result, early",0.5236999988555908,5.0
109,"mar, water, surface, earth, crater, large, ice, name, area, small",0.5085999965667725,0.0
110,"india, northern, period, world, southern, dynasty, rule, plain, result, early",0.20489999651908875,5.0
111,"india, empire, kingdom, company, maratha, later, show, become, east, however",0.4796999990940094,4.0
112,"india, northern, period, world, southern, dynasty, rule, plain, result, early",0.40779998898506165,5.0
113,"india, northern, period, world, southern, dynasty, rule, plain, result, early",0.34209999442100525,5.0
114,"mar, water, surface, earth, crater, large, ice, name, area, small",0.41019999980926514,0.0
115,"name, feature, make, olympus, valley, map, new, establish, play, albedo",0.5918999910354614,2.0
116,"india, northern, period, world, southern, dynasty, rule, plain, result, early",0.37299999594688416,5.0
117,"india, northern, period, world, southern, dynasty, rule, plain, result, early",0.5460000038146973,5.0
118,"india, empire, kingdom, company, maratha, later, show, become, east, however",0.5278000235557556,4.0
119,"india, empire, kingdom, company, maratha, later, show, become, east, however",0.722100019454956,4.0
120,"india, empire, kingdom, company, maratha, later, show, become, east, however",0.4374000132083893,4.0
121,"india, empire, kingdom, company, maratha, later, show, become, east, however",0.6309000253677368,4.0
122,"india, empire, kingdom, company, maratha, later, show, become, east, however",0.7193999886512756,4.0
123,"defeat, india, team, point, tournament, year, many, contain, match, war",0.37619999051094055,1.0
124,"mar, call, cup, impact, cover, cap, pole, martian, size, hemisphere",0.41990000009536743,3.0
125,"india, northern, period, world, southern, dynasty, rule, plain, result, early",0.45339998602867126,5.0
126,"india, northern, period, world, southern, dynasty, rule, plain, result, early",0.3100000023841858,5.0
127,"india, northern, period, world, southern, dynasty, rule, plain, result, early",0.6881999969482422,5.0
128,"india, empire, kingdom, company, maratha, later, show, become, east, however",0.7997999787330627,4.0
129,"mar, water, surface, earth, crater, large, ice, name, area, small",0.5393000245094299,0.0
130,"mar, call, cup, impact, cover, cap, pole, martian, size, hemisphere",0.557200014591217,3.0
131,"india, northern, period, world, southern, dynasty, rule, plain, result, early",0.4961000084877014,5.0
132,"india, empire, kingdom, company, maratha, later, show, become, east, however",0.450300008058548,4.0
133,"india, northern, period, world, southern, dynasty, rule, plain, result, early",0.4296000003814697,5.0
134,"india, empire, kingdom, company, maratha, later, show, become, east, however",0.3817000091075897,4.0
135,"name, feature, make, olympus, valley, map, new, establish, play, albedo",0.4438999891281128,2.0
136,"india, empire, kingdom, company, maratha, later, show, become, east, however",0.4223000109195709,4.0
137,"india, empire, kingdom, company, maratha, later, show, become, east, however",0.45179998874664307,4.0
138,"mar, call, cup, impact, cover, cap, pole, martian, size, hemisphere",0.5241000056266785,3.0
139,"mar, call, cup, impact, cover, cap, pole, martian, size, hemisphere",0.4596000015735626,3.0
140,"india, empire, kingdom, company, maratha, later, show, become, east, however",0.5422000288963318,4.0
141,"india, empire, kingdom, company, maratha, later, show, become, east, however",0.43720000982284546,4.0
142,"defeat, india, team, point, tournament, year, many, contain, match, war",0.5781000256538391,1.0
143,"name, feature, make, olympus, valley, map, new, establish, play, albedo",0.826200008392334,2.0
144,"mar, call, cup, impact, cover, cap, pole, martian, size, hemisphere",0.47690001130104065,3.0
145,"mar, water, surface, earth, crater, large, ice, name, area, small",0.6841999888420105,0.0
146,"mar, call, cup, impact, cover, cap, pole, martian, size, hemisphere",0.4092999994754791,3.0
147,"india, northern, period, world, southern, dynasty, rule, plain, result, early",0.20489999651908875,5.0
148,"india, northern, period, world, southern, dynasty, rule, plain, result, early",0.5726000070571899,5.0
149,"india, northern, period, world, southern, dynasty, rule, plain, result, early",0.36910000443458557,5.0
150,"mar, call, cup, impact, cover, cap, pole, martian, size, hemisphere",0.7723000049591064,3.0
151,"india, empire, kingdom, company, maratha, later, show, become, east, however",0.44029998779296875,4.0
152,"mar, call, cup, impact, cover, cap, pole, martian, size, hemisphere",0.8198000192642212,3.0
153,"india, northern, period, world, southern, dynasty, rule, plain, result, early",0.7889000177383423,5.0
154,"mar, call, cup, impact, cover, cap, pole, martian, size, hemisphere",0.4293999969959259,3.0
155,"india, empire, kingdom, company, maratha, later, show, become, east, however",0.7372999787330627,4.0
156,"india, empire, kingdom, company, maratha, later, show, become, east, however",0.7098000049591064,4.0
157,"india, northern, period, world, southern, dynasty, rule, plain, result, early",0.49399998784065247,5.0
158,"india, northern, period, world, southern, dynasty, rule, plain, result, early",0.4043999910354614,5.0
159,"defeat, india, team, point, tournament, year, many, contain, match, war",0.6534000039100647,1.0
160,"defeat, india, team, point, tournament, year, many, contain, match, war",0.4629000127315521,1.0
161,"india, empire, kingdom, company, maratha, later, show, become, east, however",0.692799985408783,4.0
162,"india, empire, kingdom, company, maratha, later, show, become, east, however",0.8799999952316284,4.0
163,"name, feature, make, olympus, valley, map, new, establish, play, albedo",0.6171000003814697,2.0
164,"india, empire, kingdom, company, maratha, later, show, become, east, however",0.6230000257492065,4.0
165,"mar, call, cup, impact, cover, cap, pole, martian, size, hemisphere",0.33219999074935913,3.0
166,"mar, call, cup, impact, cover, cap, pole, martian, size, hemisphere",0.5929999947547913,3.0
167,"india, northern, period, world, southern, dynasty, rule, plain, result, early",0.4569999873638153,5.0
168,"india, empire, kingdom, company, maratha, later, show, become, east, however",0.7597000002861023,4.0
169,"defeat, india, team, point, tournament, year, many, contain, match, war",0.424699991941452,1.0
170,"mar, water, surface, earth, crater, large, ice, name, area, small",0.5318999886512756,0.0
171,"india, empire, kingdom, company, maratha, later, show, become, east, however",0.7731999754905701,4.0
172,"india, empire, kingdom, company, maratha, later, show, become, east, however",0.8371000289916992,4.0
173,"india, northern, period, world, southern, dynasty, rule, plain, result, early",0.20489999651908875,5.0
174,"india, empire, kingdom, company, maratha, later, show, become, east, however",0.6898999810218811,4.0
175,"india, empire, kingdom, company, maratha, later, show, become, east, however",0.7533000111579895,4.0
176,"india, empire, kingdom, company, maratha, later, show, become, east, however",0.5126000046730042,4.0
177,"india, empire, kingdom, company, maratha, later, show, become, east, however",0.6360999941825867,4.0
178,"india, northern, period, world, southern, dynasty, rule, plain, result, early",0.7250999808311462,5.0
179,"defeat, india, team, point, tournament, year, many, contain, match, war",0.5306000113487244,1.0
180,"mar, water, surface, earth, crater, large, ice, name, area, small",0.4925999939441681,0.0
181,"india, empire, kingdom, company, maratha, later, show, become, east, however",0.33799999952316284,4.0
182,"india, empire, kingdom, company, maratha, later, show, become, east, however",0.8030999898910522,4.0
183,"defeat, india, team, point, tournament, year, many, contain, match, war",0.8519999980926514,1.0
184,"india, northern, period, world, southern, dynasty, rule, plain, result, early",0.6349999904632568,5.0
185,"india, northern, period, world, southern, dynasty, rule, plain, result, early",0.20489999651908875,5.0
186,"india, northern, period, world, southern, dynasty, rule, plain, result, early",0.8877999782562256,5.0
187,"india, northern, period, world, southern, dynasty, rule, plain, result, early",0.7627999782562256,5.0
188,"india, northern, period, world, southern, dynasty, rule, plain, result, early",0.20489999651908875,5.0
189,"india, northern, period, world, southern, dynasty, rule, plain, result, early",0.646399974822998,5.0
190,"india, empire, kingdom, company, maratha, later, show, become, east, however",0.5508999824523926,4.0
191,"mar, call, cup, impact, cover, cap, pole, martian, size, hemisphere",0.46790000796318054,3.0
192,"india, northern, period, world, southern, dynasty, rule, plain, result, early",0.5464000105857849,5.0
193,"india, empire, kingdom, company, maratha, later, show, become, east, however",0.7554000020027161,4.0
194,"india, northern, period, world, southern, dynasty, rule, plain, result, early",0.885200023651123,5.0
195,"india, northern, period, world, southern, dynasty, rule, plain, result, early",0.6406000256538391,5.0
196,"india, northern, period, world, southern, dynasty, rule, plain, result, early",0.4302000105381012,5.0
197,"india, northern, period, world, southern, dynasty, rule, plain, result, early",0.886900007724762,5.0
198,"india, northern, period, world, southern, dynasty, rule, plain, result, early",0.7993000149726868,5.0
199,"india, empire, kingdom, company, maratha, later, show, become, east, however",0.7120000123977661,4.0
200,"india, empire, kingdom, company, maratha, later, show, become, east, however",0.36059999465942383,4.0
201,"india, northern, period, world, southern, dynasty, rule, plain, result, early",0.20489999651908875,5.0
202,"india, northern, period, world, southern, dynasty, rule, plain, result, early",0.4690000116825104,5.0
203,"india, empire, kingdom, company, maratha, later, show, become, east, however",0.3919000029563904,4.0
204,"mar, call, cup, impact, cover, cap, pole, martian, size, hemisphere",0.3752000033855438,3.0
205,"india, empire, kingdom, company, maratha, later, show, become, east, however",0.6013000011444092,4.0
206,"india, empire, kingdom, company, maratha, later, show, become, east, however",0.4307999908924103,4.0
207,"india, northern, period, world, southern, dynasty, rule, plain, result, early",0.6025000214576721,5.0
208,"india, northern, period, world, southern, dynasty, rule, plain, result, early",0.5300999879837036,5.0
209,"india, northern, period, world, southern, dynasty, rule, plain, result, early",0.20489999651908875,5.0
210,"mar, water, surface, earth, crater, large, ice, name, area, small",0.6151000261306763,0.0
211,"india, empire, kingdom, company, maratha, later, show, become, east, however",0.3991999924182892,4.0
212,"name, feature, make, olympus, valley, map, new, establish, play, albedo",0.3962000012397766,2.0
213,"name, feature, make, olympus, valley, map, new, establish, play, albedo",0.4643000066280365,2.0
214,"india, northern, period, world, southern, dynasty, rule, plain, result, early",0.7775999903678894,5.0
215,"name, feature, make, olympus, valley, map, new, establish, play, albedo",0.6255999803543091,2.0
216,"india, northern, period, world, southern, dynasty, rule, plain, result, early",0.5202000141143799,5.0
217,"india, northern, period, world, southern, dynasty, rule, plain, result, early",0.34389999508857727,5.0
218,"india, northern, period, world, southern, dynasty, rule, plain, result, early",0.20489999651908875,5.0
219,"name, feature, make, olympus, valley, map, new, establish, play, albedo",0.5619000196456909,2.0
220,"mar, call, cup, impact, cover, cap, pole, martian, size, hemisphere",0.5238000154495239,3.0
221,"india, northern, period, world, southern, dynasty, rule, plain, result, early",0.6464999914169312,5.0
222,"name, feature, make, olympus, valley, map, new, establish, play, albedo",0.43380001187324524,2.0
223,"name, feature, make, olympus, valley, map, new, establish, play, albedo",0.492000013589859,2.0
224,"india, empire, kingdom, company, maratha, later, show, become, east, however",0.5993000268936157,4.0
225,"mar, call, cup, impact, cover, cap, pole, martian, size, hemisphere",0.4343999922275543,3.0
226,"india, empire, kingdom, company, maratha, later, show, become, east, however",0.5325999855995178,4.0
227,"india, empire, kingdom, company, maratha, later, show, become, east, however",0.3684999942779541,4.0
228,"india, empire, kingdom, company, maratha, later, show, become, east, however",0.6484000086784363,4.0
229,"defeat, india, team, point, tournament, year, many, contain, match, war",0.5386000275611877,1.0
230,"india, northern, period, world, southern, dynasty, rule, plain, result, early",0.382099986076355,5.0
231,"name, feature, make, olympus, valley, map, new, establish, play, albedo",0.41659998893737793,2.0
232,"india, empire, kingdom, company, maratha, later, show, become, east, however",0.6302000284194946,4.0
233,"india, northern, period, world, southern, dynasty, rule, plain, result, early",0.8003000020980835,5.0
234,"defeat, india, team, point, tournament, year, many, contain, match, war",0.41999998688697815,1.0
235,"mar, call, cup, impact, cover, cap, pole, martian, size, hemisphere",0.4124999940395355,3.0
236,"defeat, india, team, point, tournament, year, many, contain, match, war",0.5310999751091003,1.0
237,"india, northern, period, world, southern, dynasty, rule, plain, result, early",0.5898000001907349,5.0
238,"india, empire, kingdom, company, maratha, later, show, become, east, however",0.626800000667572,4.0
239,"defeat, india, team, point, tournament, year, many, contain, match, war",0.2752000093460083,1.0
240,"india, northern, period, world, southern, dynasty, rule, plain, result, early",0.5555999875068665,5.0
241,"india, northern, period, world, southern, dynasty, rule, plain, result, early",0.5400999784469604,5.0
242,"name, feature, make, olympus, valley, map, new, establish, play, albedo",0.40709999203681946,2.0
243,"india, northern, period, world, southern, dynasty, rule, plain, result, early",0.7315000295639038,5.0
244,"india, northern, period, world, southern, dynasty, rule, plain, result, early",0.6872000098228455,5.0
245,"mar, call, cup, impact, cover, cap, pole, martian, size, hemisphere",0.41449999809265137,3.0
246,"mar, call, cup, impact, cover, cap, pole, martian, size, hemisphere",0.3400000035762787,3.0
247,"mar, call, cup, impact, cover, cap, pole, martian, size, hemisphere",0.8515999913215637,3.0
248,"mar, call, cup, impact, cover, cap, pole, martian, size, hemisphere",0.7540000081062317,3.0
249,"defeat, india, team, point, tournament, year, many, contain, match, war",0.4925999939441681,1.0
250,"name, feature, make, olympus, valley, map, new, establish, play, albedo",0.5536999702453613,2.0
251,"india, northern, period, world, southern, dynasty, rule, plain, result, early",0.20489999651908875,5.0
252,"india, empire, kingdom, company, maratha, later, show, become, east, however",0.7774999737739563,4.0
253,"india, northern, period, world, southern, dynasty, rule, plain, result, early",0.6283000111579895,5.0
254,"india, northern, period, world, southern, dynasty, rule, plain, result, early",0.49570000171661377,5.0
255,"defeat, india, team, point, tournament, year, many, contain, match, war",0.6281999945640564,1.0
256,"india, empire, kingdom, company, maratha, later, show, become, east, however",0.43540000915527344,4.0
257,"india, northern, period, world, southern, dynasty, rule, plain, result, early",0.5805000066757202,5.0
258,"india, empire, kingdom, company, maratha, later, show, become, east, however",0.5016999840736389,4.0
259,"india, northern, period, world, southern, dynasty, rule, plain, result, early",0.5249999761581421,5.0
260,"name, feature, make, olympus, valley, map, new, establish, play, albedo",0.4666000008583069,2.0
261,"defeat, india, team, point, tournament, year, many, contain, match, war",0.5885999798774719,1.0
262,"defeat, india, team, point, tournament, year, many, contain, match, war",0.6029999852180481,1.0
263,"india, northern, period, world, southern, dynasty, rule, plain, result, early",0.6395000219345093,5.0
264,"defeat, india, team, point, tournament, year, many, contain, match, war",0.27810001373291016,1.0
265,"defeat, india, team, point, tournament, year, many, contain, match, war",0.41029998660087585,1.0
266,"india, northern, period, world, southern, dynasty, rule, plain, result, early",0.20489999651908875,5.0
267,"india, northern, period, world, southern, dynasty, rule, plain, result, early",0.8349999785423279,5.0
268,"defeat, india, team, point, tournament, year, many, contain, match, war",0.35839998722076416,1.0
269,"india, northern, period, world, southern, dynasty, rule, plain, result, early",0.20489999651908875,5.0
270,"mar, water, surface, earth, crater, large, ice, name, area, small",0.3422999978065491,0.0
271,"india, northern, period, world, southern, dynasty, rule, plain, result, early",0.715499997138977,5.0
272,"defeat, india, team, point, tournament, year, many, contain, match, war",0.47920000553131104,1.0
273,"india, empire, kingdom, company, maratha, later, show, become, east, however",0.5669999718666077,4.0
274,"mar, call, cup, impact, cover, cap, pole, martian, size, hemisphere",0.6413000226020813,3.0
275,"defeat, india, team, point, tournament, year, many, contain, match, war",0.7055000066757202,1.0
276,"india, northern, period, world, southern, dynasty, rule, plain, result, early",0.8658000230789185,5.0
277,"india, northern, period, world, southern, dynasty, rule, plain, result, early",0.612500011920929,5.0
278,"india, northern, period, world, southern, dynasty, rule, plain, result, early",0.20489999651908875,5.0
279,"india, empire, kingdom, company, maratha, later, show, become, east, however",0.8093000054359436,4.0
280,"name, feature, make, olympus, valley, map, new, establish, play, albedo",0.5593000054359436,2.0
281,"india, northern, period, world, southern, dynasty, rule, plain, result, early",0.20489999651908875,5.0
282,"name, feature, make, olympus, valley, map, new, establish, play, albedo",0.5676000118255615,2.0
283,"name, feature, make, olympus, valley, map, new, establish, play, albedo",0.4316999912261963,2.0
284,"india, empire, kingdom, company, maratha, later, show, become, east, however",0.7678999900817871,4.0
285,"name, feature, make, olympus, valley, map, new, establish, play, albedo",0.489300012588501,2.0
286,"name, feature, make, olympus, valley, map, new, establish, play, albedo",0.683899998664856,2.0
287,"defeat, india, team, point, tournament, year, many, contain, match, war",0.5971999764442444,1.0
288,"defeat, india, team, point, tournament, year, many, contain, match, war",0.5986999869346619,1.0
289,"mar, water, surface, earth, crater, large, ice, name, area, small",0.5745999813079834,0.0
290,"india, northern, period, world, southern, dynasty, rule, plain, result, early",0.7484999895095825,5.0
291,"india, northern, period, world, southern, dynasty, rule, plain, result, early",0.6453999876976013,5.0
292,"india, northern, period, world, southern, dynasty, rule, plain, result, early",0.3571000099182129,5.0
293,"india, empire, kingdom, company, maratha, later, show, become, east, however",0.5965999960899353,4.0
294,"india, northern, period, world, southern, dynasty, rule, plain, result, early",0.20489999651908875,5.0
295,"india, northern, period, world, southern, dynasty, rule, plain, result, early",0.7006000280380249,5.0
296,"india, northern, period, world, southern, dynasty, rule, plain, result, early",0.6424999833106995,5.0
297,"india, northern, period, world, southern, dynasty, rule, plain, result, early",0.7688999772071838,5.0
298,"india, empire, kingdom, company, maratha, later, show, become, east, however",0.6656000018119812,4.0
299,"india, northern, period, world, southern, dynasty, rule, plain, result, early",0.6650000214576721,5.0
300,"india, empire, kingdom, company, maratha, later, show, become, east, however",0.6829000115394592,4.0
301,"india, empire, kingdom, company, maratha, later, show, become, east, however",0.2930999994277954,4.0
302,"india, empire, kingdom, company, maratha, later, show, become, east, however",0.4675000011920929,4.0
303,"india, northern, period, world, southern, dynasty, rule, plain, result, early",0.7703999876976013,5.0
304,"india, northern, period, world, southern, dynasty, rule, plain, result, early",0.6488999724388123,5.0
305,"mar, call, cup, impact, cover, cap, pole, martian, size, hemisphere",0.2973000109195709,3.0
306,"mar, call, cup, impact, cover, cap, pole, martian, size, hemisphere",0.632099986076355,3.0
307,"mar, call, cup, impact, cover, cap, pole, martian, size, hemisphere",0.4480000138282776,3.0
308,"defeat, india, team, point, tournament, year, many, contain, match, war",0.5443000197410583,1.0
309,"name, feature, make, olympus, valley, map, new, establish, play, albedo",0.638700008392334,2.0
310,"india, northern, period, world, southern, dynasty, rule, plain, result, early",0.20489999651908875,5.0
311,"india, empire, kingdom, company, maratha, later, show, become, east, however",0.45239999890327454,4.0
312,"india, northern, period, world, southern, dynasty, rule, plain, result, early",0.6553000211715698,5.0
313,"defeat, india, team, point, tournament, year, many, contain, match, war",0.4560999870300293,1.0
314,"defeat, india, team, point, tournament, year, many, contain, match, war",0.6448000073432922,1.0
315,"defeat, india, team, point, tournament, year, many, contain, match, war",0.4262000024318695,1.0
316,"mar, call, cup, impact, cover, cap, pole, martian, size, hemisphere",0.760200023651123,3.0
317,"defeat, india, team, point, tournament, year, many, contain, match, war",0.3978999853134155,1.0
318,"india, empire, kingdom, company, maratha, later, show, become, east, however",0.37619999051094055,4.0
319,"defeat, india, team, point, tournament, year, many, contain, match, war",0.5045999884605408,1.0
320,"defeat, india, team, point, tournament, year, many, contain, match, war",0.29820001125335693,1.0
321,"india, northern, period, world, southern, dynasty, rule, plain, result, early",0.20489999651908875,5.0
322,"defeat, india, team, point, tournament, year, many, contain, match, war",0.8389000296592712,1.0
323,"india, northern, period, world, southern, dynasty, rule, plain, result, early",0.5982000231742859,5.0
324,"india, northern, period, world, southern, dynasty, rule, plain, result, early",0.5095999836921692,5.0
325,"india, northern, period, world, southern, dynasty, rule, plain, result, early",0.7605000138282776,5.0
326,"mar, call, cup, impact, cover, cap, pole, martian, size, hemisphere",0.6208000183105469,3.0
327,"defeat, india, team, point, tournament, year, many, contain, match, war",0.4239000082015991,1.0
328,"india, northern, period, world, southern, dynasty, rule, plain, result, early",0.20489999651908875,5.0
329,"defeat, india, team, point, tournament, year, many, contain, match, war",0.3978999853134155,1.0
330,"india, northern, period, world, southern, dynasty, rule, plain, result, early",0.8352000117301941,5.0
331,"name, feature, make, olympus, valley, map, new, establish, play, albedo",0.447299987077713,2.0
332,"defeat, india, team, point, tournament, year, many, contain, match, war",0.4973999857902527,1.0
333,"defeat, india, team, point, tournament, year, many, contain, match, war",0.48969998955726624,1.0
334,"defeat, india, team, point, tournament, year, many, contain, match, war",0.6365000009536743,1.0
335,"defeat, india, team, point, tournament, year, many, contain, match, war",0.4275999963283539,1.0
336,"defeat, india, team, point, tournament, year, many, contain, match, war",0.6000000238418579,1.0
337,"india, empire, kingdom, company, maratha, later, show, become, east, however",0.7128999829292297,4.0
338,"india, northern, period, world, southern, dynasty, rule, plain, result, early",0.6520000100135803,5.0
339,"india, empire, kingdom, company, maratha, later, show, become, east, however",0.746399998664856,4.0
340,"india, northern, period, world, southern, dynasty, rule, plain, result, early",0.6800000071525574,5.0
341,"india, empire, kingdom, company, maratha, later, show, become, east, however",0.5863999724388123,4.0
342,"india, northern, period, world, southern, dynasty, rule, plain, result, early",0.30640000104904175,5.0
343,"india, northern, period, world, southern, dynasty, rule, plain, result, early",0.7921000123023987,5.0
344,"india, empire, kingdom, company, maratha, later, show, become, east, however",0.5497000217437744,4.0
345,"india, northern, period, world, southern, dynasty, rule, plain, result, early",0.398499995470047,5.0
346,"name, feature, make, olympus, valley, map, new, establish, play, albedo",0.694599986076355,2.0
347,"mar, water, surface, earth, crater, large, ice, name, area, small",0.9243999719619751,0.0
348,"india, empire, kingdom, company, maratha, later, show, become, east, however",0.43549999594688416,4.0
349,"india, northern, period, world, southern, dynasty, rule, plain, result, early",0.767300009727478,5.0
350,"india, northern, period, world, southern, dynasty, rule, plain, result, early",0.20489999651908875,5.0
351,"india, northern, period, world, southern, dynasty, rule, plain, result, early",0.48829999566078186,5.0
352,"india, northern, period, world, southern, dynasty, rule, plain, result, early",0.83160001039505,5.0
353,"india, northern, period, world, southern, dynasty, rule, plain, result, early",0.8025000095367432,5.0
354,"india, northern, period, world, southern, dynasty, rule, plain, result, early",0.8149999976158142,5.0
355,"mar, water, surface, earth, crater, large, ice, name, area, small",0.3971000015735626,0.0
356,"india, northern, period, world, southern, dynasty, rule, plain, result, early",0.776199996471405,5.0
357,"india, northern, period, world, southern, dynasty, rule, plain, result, early",0.7630000114440918,5.0
358,"india, northern, period, world, southern, dynasty, rule, plain, result, early",0.20489999651908875,5.0
359,"india, northern, period, world, southern, dynasty, rule, plain, result, early",0.8149999976158142,5.0
360,"india, empire, kingdom, company, maratha, later, show, become, east, however",0.6270999908447266,4.0
361,"india, northern, period, world, southern, dynasty, rule, plain, result, early",0.5421000123023987,5.0
362,"india, northern, period, world, southern, dynasty, rule, plain, result, early",0.704800009727478,5.0
363,"india, northern, period, world, southern, dynasty, rule, plain, result, early",0.5625,5.0
364,"india, empire, kingdom, company, maratha, later, show, become, east, however",0.4684000015258789,4.0
365,"name, feature, make, olympus, valley, map, new, establish, play, albedo",0.4205000102519989,2.0
366,"defeat, india, team, point, tournament, year, many, contain, match, war",0.5971999764442444,1.0
367,"name, feature, make, olympus, valley, map, new, establish, play, albedo",0.38600000739097595,2.0
368,"name, feature, make, olympus, valley, map, new, establish, play, albedo",0.6261000037193298,2.0
369,"india, northern, period, world, southern, dynasty, rule, plain, result, early",0.31220000982284546,5.0
370,"mar, water, surface, earth, crater, large, ice, name, area, small",0.718999981880188,0.0
371,"defeat, india, team, point, tournament, year, many, contain, match, war",0.4074999988079071,1.0
372,"india, empire, kingdom, company, maratha, later, show, become, east, however",0.4424000084400177,4.0
373,"india, northern, period, world, southern, dynasty, rule, plain, result, early",0.6876999735832214,5.0
374,"india, empire, kingdom, company, maratha, later, show, become, east, however",0.3160000145435333,4.0
375,"name, feature, make, olympus, valley, map, new, establish, play, albedo",0.4959000051021576,2.0
376,"mar, call, cup, impact, cover, cap, pole, martian, size, hemisphere",0.390500009059906,3.0
377,"india, northern, period, world, southern, dynasty, rule, plain, result, early",0.20489999651908875,5.0
378,"india, empire, kingdom, company, maratha, later, show, become, east, however",0.45419999957084656,4.0
379,"mar, call, cup, impact, cover, cap, pole, martian, size, hemisphere",0.4586000144481659,3.0
380,"mar, call, cup, impact, cover, cap, pole, martian, size, hemisphere",0.8378999829292297,3.0
381,"india, empire, kingdom, company, maratha, later, show, become, east, however",0.6929000020027161,4.0
382,"name, feature, make, olympus, valley, map, new, establish, play, albedo",0.7470999956130981,2.0
383,"india, northern, period, world, southern, dynasty, rule, plain, result, early",0.548799991607666,5.0
384,"name, feature, make, olympus, valley, map, new, establish, play, albedo",0.4302000105381012,2.0
385,"mar, call, cup, impact, cover, cap, pole, martian, size, hemisphere",0.5939000248908997,3.0
386,"mar, call, cup, impact, cover, cap, pole, martian, size, hemisphere",0.7768999934196472,3.0
387,"india, empire, kingdom, company, maratha, later, show, become, east, however",0.8579000234603882,4.0
388,"name, feature, make, olympus, valley, map, new, establish, play, albedo",0.414900004863739,2.0
389,"defeat, india, team, point, tournament, year, many, contain, match, war",0.6743000149726868,1.0
390,"defeat, india, team, point, tournament, year, many, contain, match, war",0.6614999771118164,1.0
391,"india, northern, period, world, southern, dynasty, rule, plain, result, early",0.20489999651908875,5.0
392,"name, feature, make, olympus, valley, map, new, establish, play, albedo",0.2946000099182129,2.0
393,"defeat, india, team, point, tournament, year, many, contain, match, war",0.6175000071525574,1.0
394,"mar, water, surface, earth, crater, large, ice, name, area, small",0.628600001335144,0.0
395,"india, northern, period, world, southern, dynasty, rule, plain, result, early",0.6103000044822693,5.0
396,"name, feature, make, olympus, valley, map, new, establish, play, albedo",0.43970000743865967,2.0
397,"mar, water, surface, earth, crater, large, ice, name, area, small",0.290800005197525,0.0
398,"defeat, india, team, point, tournament, year, many, contain, match, war",0.5490000247955322,1.0
399,"defeat, india, team, point, tournament, year, many, contain, match, war",0.6050999760627747,1.0
400,"defeat, india, team, point, tournament, year, many, contain, match, war",0.5317999720573425,1.0
401,"india, northern, period, world, southern, dynasty, rule, plain, result, early",0.6410999894142151,5.0
402,"india, northern, period, world, southern, dynasty, rule, plain, result, early",0.3637999892234802,5.0
403,"india, empire, kingdom, company, maratha, later, show, become, east, however",0.6168000102043152,4.0
404,"india, northern, period, world, southern, dynasty, rule, plain, result, early",0.36010000109672546,5.0
405,"india, northern, period, world, southern, dynasty, rule, plain, result, early",0.20489999651908875,5.0
406,"india, empire, kingdom, company, maratha, later, show, become, east, however",0.4196999967098236,4.0
407,"name, feature, make, olympus, valley, map, new, establish, play, albedo",0.4797999858856201,2.0
408,"india, northern, period, world, southern, dynasty, rule, plain, result, early",0.4203000068664551,5.0
409,"defeat, india, team, point, tournament, year, many, contain, match, war",0.5594000220298767,1.0
410,"defeat, india, team, point, tournament, year, many, contain, match, war",0.8273000121116638,1.0
411,"defeat, india, team, point, tournament, year, many, contain, match, war",0.48339998722076416,1.0
412,"defeat, india, team, point, tournament, year, many, contain, match, war",0.28040000796318054,1.0
413,"name, feature, make, olympus, valley, map, new, establish, play, albedo",0.5705000162124634,2.0
414,"defeat, india, team, point, tournament, year, many, contain, match, war",0.46070000529289246,1.0
415,"defeat, india, team, point, tournament, year, many, contain, match, war",0.5271000266075134,1.0
416,"mar, call, cup, impact, cover, cap, pole, martian, size, hemisphere",0.37369999289512634,3.0
417,"defeat, india, team, point, tournament, year, many, contain, match, war",0.482699990272522,1.0
418,"defeat, india, team, point, tournament, year, many, contain, match, war",0.3628999888896942,1.0
419,"name, feature, make, olympus, valley, map, new, establish, play, albedo",0.3711000084877014,2.0
420,"defeat, india, team, point, tournament, year, many, contain, match, war",0.7376999855041504,1.0
421,"mar, water, surface, earth, crater, large, ice, name, area, small",0.33219999074935913,0.0
422,"defeat, india, team, point, tournament, year, many, contain, match, war",0.46779999136924744,1.0
423,"india, northern, period, world, southern, dynasty, rule, plain, result, early",0.3560999929904938,5.0
424,"defeat, india, team, point, tournament, year, many, contain, match, war",0.8276000022888184,1.0
425,"india, northern, period, world, southern, dynasty, rule, plain, result, early",0.20489999651908875,5.0
426,"defeat, india, team, point, tournament, year, many, contain, match, war",0.4341000020503998,1.0
427,"india, empire, kingdom, company, maratha, later, show, become, east, however",0.7218999862670898,4.0
428,"india, northern, period, world, southern, dynasty, rule, plain, result, early",0.20489999651908875,5.0
429,"india, northern, period, world, southern, dynasty, rule, plain, result, early",0.45980000495910645,5.0
430,"india, northern, period, world, southern, dynasty, rule, plain, result, early",0.7939000129699707,5.0
431,"defeat, india, team, point, tournament, year, many, contain, match, war",0.44440001249313354,1.0
432,"india, northern, period, world, southern, dynasty, rule, plain, result, early",0.7404000163078308,5.0
433,"india, northern, period, world, southern, dynasty, rule, plain, result, early",0.7523999810218811,5.0
434,"india, northern, period, world, southern, dynasty, rule, plain, result, early",0.7117000222206116,5.0
435,"india, empire, kingdom, company, maratha, later, show, become, east, however",0.515999972820282,4.0
436,"india, empire, kingdom, company, maratha, later, show, become, east, however",0.5759000182151794,4.0
437,"india, northern, period, world, southern, dynasty, rule, plain, result, early",0.30329999327659607,5.0
438,"india, northern, period, world, southern, dynasty, rule, plain, result, early",0.5889000296592712,5.0
439,"india, northern, period, world, southern, dynasty, rule, plain, result, early",0.8222000002861023,5.0
440,"india, empire, kingdom, company, maratha, later, show, become, east, however",0.7210000157356262,4.0
441,"india, northern, period, world, southern, dynasty, rule, plain, result, early",0.20489999651908875,5.0
442,"india, northern, period, world, southern, dynasty, rule, plain, result, early",0.6718999743461609,5.0
443,"defeat, india, team, point, tournament, year, many, contain, match, war",0.5299000144004822,1.0
444,"india, northern, period, world, southern, dynasty, rule, plain, result, early",0.20489999651908875,5.0
445,"india, northern, period, world, southern, dynasty, rule, plain, result, early",0.6833000183105469,5.0
446,"india, empire, kingdom, company, maratha, later, show, become, east, however",0.44760000705718994,4.0
447,"name, feature, make, olympus, valley, map, new, establish, play, albedo",0.33820000290870667,2.0
448,"defeat, india, team, point, tournament, year, many, contain, match, war",0.6834999918937683,1.0
449,"defeat, india, team, point, tournament, year, many, contain, match, war",0.42590001225471497,1.0
450,"india, northern, period, world, southern, dynasty, rule, plain, result, early",0.20489999651908875,5.0
451,"name, feature, make, olympus, valley, map, new, establish, play, albedo",0.41100001335144043,2.0
452,"defeat, india, team, point, tournament, year, many, contain, match, war",0.49070000648498535,1.0
453,"defeat, india, team, point, tournament, year, many, contain, match, war",0.6769000291824341,1.0
454,"india, northern, period, world, southern, dynasty, rule, plain, result, early",0.6636000275611877,5.0
455,"india, northern, period, world, southern, dynasty, rule, plain, result, early",0.365200012922287,5.0
456,"india, northern, period, world, southern, dynasty, rule, plain, result, early",0.7475000023841858,5.0
457,"defeat, india, team, point, tournament, year, many, contain, match, war",0.6000999808311462,1.0
458,"mar, water, surface, earth, crater, large, ice, name, area, small",0.8486999869346619,0.0
459,"india, northern, period, world, southern, dynasty, rule, plain, result, early",0.5152999758720398,5.0
460,"name, feature, make, olympus, valley, map, new, establish, play, albedo",0.6352999806404114,2.0
461,"defeat, india, team, point, tournament, year, many, contain, match, war",0.4366999864578247,1.0
462,"mar, call, cup, impact, cover, cap, pole, martian, size, hemisphere",0.4185999929904938,3.0
463,"mar, water, surface, earth, crater, large, ice, name, area, small",0.5626999735832214,0.0
464,"india, empire, kingdom, company, maratha, later, show, become, east, however",0.7559000253677368,4.0
465,"name, feature, make, olympus, valley, map, new, establish, play, albedo",0.4772999882698059,2.0
466,"india, empire, kingdom, company, maratha, later, show, become, east, however",0.3440000116825104,4.0
467,"mar, call, cup, impact, cover, cap, pole, martian, size, hemisphere",0.7138000130653381,3.0
468,"india, empire, kingdom, company, maratha, later, show, become, east, however",0.6948000192642212,4.0
469,"defeat, india, team, point, tournament, year, many, contain, match, war",0.4742000102996826,1.0
470,"india, northern, period, world, southern, dynasty, rule, plain, result, early",0.7817999720573425,5.0
471,"mar, water, surface, earth, crater, large, ice, name, area, small",0.7569000124931335,0.0
472,"defeat, india, team, point, tournament, year, many, contain, match, war",0.6104000210762024,1.0
473,"india, northern, period, world, southern, dynasty, rule, plain, result, early",0.5662999749183655,5.0
474,"india, empire, kingdom, company, maratha, later, show, become, east, however",0.570900022983551,4.0
475,"india, empire, kingdom, company, maratha, later, show, become, east, however",0.6717000007629395,4.0
476,"india, northern, period, world, southern, dynasty, rule, plain, result, early",0.5350000262260437,5.0
477,"india, empire, kingdom, company, maratha, later, show, become, east, however",0.8019000291824341,4.0
478,"defeat, india, team, point, tournament, year, many, contain, match, war",0.40070000290870667,1.0
479,"india, empire, kingdom, company, maratha, later, show, become, east, however",0.6431999802589417,4.0
480,"defeat, india, team, point, tournament, year, many, contain, match, war",0.4666000008583069,1.0
481,"india, empire, kingdom, company, maratha, later, show, become, east, however",0.8173999786376953,4.0
482,"india, empire, kingdom, company, maratha, later, show, become, east, however",0.684499979019165,4.0
483,"india, empire, kingdom, company, maratha, later, show, become, east, however",0.5597000122070312,4.0
484,"name, feature, make, olympus, valley, map, new, establish, play, albedo",0.3736000061035156,2.0
485,"india, northern, period, world, southern, dynasty, rule, plain, result, early",0.5004000067710876,5.0
486,"defeat, india, team, point, tournament, year, many, contain, match, war",0.26080000400543213,1.0
487,"mar, water, surface, earth, crater, large, ice, name, area, small",0.6223000288009644,0.0
488,"india, empire, kingdom, company, maratha, later, show, become, east, however",0.6276999711990356,4.0
489,"india, empire, kingdom, company, maratha, later, show, become, east, however",0.614300012588501,4.0
490,"india, empire, kingdom, company, maratha, later, show, become, east, however",0.7357000112533569,4.0
491,"india, empire, kingdom, company, maratha, later, show, become, east, however",0.7757999897003174,4.0
492,"india, northern, period, world, southern, dynasty, rule, plain, result, early",0.20489999651908875,5.0
493,"mar, water, surface, earth, crater, large, ice, name, area, small",0.6843000054359436,0.0
494,"name, feature, make, olympus, valley, map, new, establish, play, albedo",0.8269000053405762,2.0
495,"india, empire, kingdom, company, maratha, later, show, become, east, however",0.47929999232292175,4.0
496,"india, northern, period, world, southern, dynasty, rule, plain, result, early",0.6262000203132629,5.0
497,"defeat, india, team, point, tournament, year, many, contain, match, war",0.5426999926567078,1.0
498,"india, empire, kingdom, company, maratha, later, show, become, east, however",0.43140000104904175,4.0
499,"mar, call, cup, impact, cover, cap, pole, martian, size, hemisphere",0.6351000070571899,3.0
500,"defeat, india, team, point, tournament, year, many, contain, match, war",0.5781999826431274,1.0
501,"india, empire, kingdom, company, maratha, later, show, become, east, however",0.6367999911308289,4.0
502,"india, northern, period, world, southern, dynasty, rule, plain, result, early",0.3977000117301941,5.0
503,"india, empire, kingdom, company, maratha, later, show, become, east, however",0.5788999795913696,4.0
504,"india, empire, kingdom, company, maratha, later, show, become, east, however",0.3662000000476837,4.0
505,"india, empire, kingdom, company, maratha, later, show, become, east, however",0.7168999910354614,4.0
506,"india, empire, kingdom, company, maratha, later, show, become, east, however",0.7545999884605408,4.0
507,"defeat, india, team, point, tournament, year, many, contain, match, war",0.5774000287055969,1.0
508,"india, empire, kingdom, company, maratha, later, show, become, east, however",0.3659999966621399,4.0
509,"india, empire, kingdom, company, maratha, later, show, become, east, however",0.4438000023365021,4.0
510,"india, empire, kingdom, company, maratha, later, show, become, east, however",0.6155999898910522,4.0
511,"india, empire, kingdom, company, maratha, later, show, become, east, however",0.48590001463890076,4.0
512,"name, feature, make, olympus, valley, map, new, establish, play, albedo",0.769599974155426,2.0
513,"india, northern, period, world, southern, dynasty, rule, plain, result, early",0.6877999901771545,5.0
514,"defeat, india, team, point, tournament, year, many, contain, match, war",0.4595000147819519,1.0
515,"defeat, india, team, point, tournament, year, many, contain, match, war",0.486299991607666,1.0
516,"india, northern, period, world, southern, dynasty, rule, plain, result, early",0.3822000026702881,5.0
517,"india, empire, kingdom, company, maratha, later, show, become, east, however",0.7634999752044678,4.0
518,"india, northern, period, world, southern, dynasty, rule, plain, result, early",0.6150000095367432,5.0
519,"defeat, india, team, point, tournament, year, many, contain, match, war",0.6866000294685364,1.0
520,"india, empire, kingdom, company, maratha, later, show, become, east, however",0.6161999702453613,4.0
521,"india, empire, kingdom, company, maratha, later, show, become, east, however",0.5582000017166138,4.0
522,"india, northern, period, world, southern, dynasty, rule, plain, result, early",0.45260000228881836,5.0
523,"india, empire, kingdom, company, maratha, later, show, become, east, however",0.6883999705314636,4.0
524,"defeat, india, team, point, tournament, year, many, contain, match, war",0.6273999810218811,1.0
525,"mar, water, surface, earth, crater, large, ice, name, area, small",0.4142000079154968,0.0
526,"india, empire, kingdom, company, maratha, later, show, become, east, however",0.588699996471405,4.0
527,"defeat, india, team, point, tournament, year, many, contain, match, war",0.5644999742507935,1.0
528,"name, feature, make, olympus, valley, map, new, establish, play, albedo",0.5220999717712402,2.0
529,"defeat, india, team, point, tournament, year, many, contain, match, war",0.8819000124931335,1.0
530,"india, northern, period, world, southern, dynasty, rule, plain, result, early",0.20489999651908875,5.0
531,"mar, water, surface, earth, crater, large, ice, name, area, small",0.33570000529289246,0.0
532,"india, northern, period, world, southern, dynasty, rule, plain, result, early",0.45649999380111694,5.0
533,"india, northern, period, world, southern, dynasty, rule, plain, result, early",0.20489999651908875,5.0
534,"india, empire, kingdom, company, maratha, later, show, become, east, however",0.421999990940094,4.0
535,"mar, call, cup, impact, cover, cap, pole, martian, size, hemisphere",0.4729999899864197,3.0
536,"mar, call, cup, impact, cover, cap, pole, martian, size, hemisphere",0.7558000087738037,3.0
537,"india, empire, kingdom, company, maratha, later, show, become, east, however",0.5252000093460083,4.0
538,"name, feature, make, olympus, valley, map, new, establish, play, albedo",0.6758000254631042,2.0
539,"name, feature, make, olympus, valley, map, new, establish, play, albedo",0.6829000115394592,2.0
540,"defeat, india, team, point, tournament, year, many, contain, match, war",0.6406000256538391,1.0
541,"india, empire, kingdom, company, maratha, later, show, become, east, however",0.7538999915122986,4.0
542,"name, feature, make, olympus, valley, map, new, establish, play, albedo",0.3553999960422516,2.0
543,"name, feature, make, olympus, valley, map, new, establish, play, albedo",0.602400004863739,2.0
544,"india, empire, kingdom, company, maratha, later, show, become, east, however",0.6299999952316284,4.0
545,"india, empire, kingdom, company, maratha, later, show, become, east, however",0.6891000270843506,4.0
546,"name, feature, make, olympus, valley, map, new, establish, play, albedo",0.4846000075340271,2.0
547,"india, empire, kingdom, company, maratha, later, show, become, east, however",0.559499979019165,4.0
548,"mar, water, surface, earth, crater, large, ice, name, area, small",0.6547999978065491,0.0
549,"name, feature, make, olympus, valley, map, new, establish, play, albedo",0.5666000247001648,2.0
550,"india, empire, kingdom, company, maratha, later, show, become, east, however",0.5200999975204468,4.0
551,"india, northern, period, world, southern, dynasty, rule, plain, result, early",0.20489999651908875,5.0
552,"india, empire, kingdom, company, maratha, later, show, become, east, however",0.38040000200271606,4.0
553,"india, northern, period, world, southern, dynasty, rule, plain, result, early",0.289000004529953,5.0
554,"name, feature, make, olympus, valley, map, new, establish, play, albedo",0.7099000215530396,2.0
555,"india, empire, kingdom, company, maratha, later, show, become, east, however",0.5278000235557556,4.0
556,"india, empire, kingdom, company, maratha, later, show, become, east, however",0.5771999955177307,4.0
557,"india, northern, period, world, southern, dynasty, rule, plain, result, early",0.5885999798774719,5.0
558,"india, empire, kingdom, company, maratha, later, show, become, east, however",0.6229000091552734,4.0
559,"india, empire, kingdom, company, maratha, later, show, become, east, however",0.5848000049591064,4.0
560,"mar, water, surface, earth, crater, large, ice, name, area, small",0.6588000059127808,0.0
561,"india, empire, kingdom, company, maratha, later, show, become, east, however",0.5274999737739563,4.0
562,"india, empire, kingdom, company, maratha, later, show, become, east, however",0.7278000116348267,4.0
563,"india, northern, period, world, southern, dynasty, rule, plain, result, early",0.21770000457763672,5.0
564,"mar, call, cup, impact, cover, cap, pole, martian, size, hemisphere",0.47429999709129333,3.0
565,"mar, water, surface, earth, crater, large, ice, name, area, small",0.4284999966621399,0.0
566,"defeat, india, team, point, tournament, year, many, contain, match, war",0.6414999961853027,1.0
567,"india, northern, period, world, southern, dynasty, rule, plain, result, early",0.40939998626708984,5.0
568,"india, northern, period, world, southern, dynasty, rule, plain, result, early",0.8281999826431274,5.0
569,"name, feature, make, olympus, valley, map, new, establish, play, albedo",0.450300008058548,2.0
570,"india, empire, kingdom, company, maratha, later, show, become, east, however",0.5311999917030334,4.0
571,"mar, water, surface, earth, crater, large, ice, name, area, small",0.6312999725341797,0.0
572,"india, empire, kingdom, company, maratha, later, show, become, east, however",0.7378000020980835,4.0
573,"name, feature, make, olympus, valley, map, new, establish, play, albedo",0.6037999987602234,2.0
574,"defeat, india, team, point, tournament, year, many, contain, match, war",0.6592000126838684,1.0
575,"mar, call, cup, impact, cover, cap, pole, martian, size, hemisphere",0.3732999861240387,3.0
576,"mar, water, surface, earth, crater, large, ice, name, area, small",0.6635000109672546,0.0
577,"mar, call, cup, impact, cover, cap, pole, martian, size, hemisphere",0.3889999985694885,3.0
578,"name, feature, make, olympus, valley, map, new, establish, play, albedo",0.4569999873638153,2.0
579,"india, northern, period, world, southern, dynasty, rule, plain, result, early",0.58160001039505,5.0
580,"india, empire, kingdom, company, maratha, later, show, become, east, however",0.37070000171661377,4.0
581,"mar, water, surface, earth, crater, large, ice, name, area, small",0.5748000144958496,0.0
582,"india, northern, period, world, southern, dynasty, rule, plain, result, early",0.6276000142097473,5.0
583,"name, feature, make, olympus, valley, map, new, establish, play, albedo",0.7271999716758728,2.0
584,"mar, call, cup, impact, cover, cap, pole, martian, size, hemisphere",0.6909999847412109,3.0
585,"india, northern, period, world, southern, dynasty, rule, plain, result, early",0.6146000027656555,5.0
586,"name, feature, make, olympus, valley, map, new, establish, play, albedo",0.45249998569488525,2.0
587,"india, empire, kingdom, company, maratha, later, show, become, east, however",0.43220001459121704,4.0
588,"india, northern, period, world, southern, dynasty, rule, plain, result, early",0.8748000264167786,5.0
589,"india, northern, period, world, southern, dynasty, rule, plain, result, early",0.375900000333786,5.0
590,"india, empire, kingdom, company, maratha, later, show, become, east, however",0.659500002861023,4.0
591,"india, northern, period, world, southern, dynasty, rule, plain, result, early",0.7005000114440918,5.0
592,"name, feature, make, olympus, valley, map, new, establish, play, albedo",0.6761999726295471,2.0
593,"india, northern, period, world, southern, dynasty, rule, plain, result, early",0.6194000244140625,5.0
594,"name, feature, make, olympus, valley, map, new, establish, play, albedo",0.5558000206947327,2.0
595,"mar, call, cup, impact, cover, cap, pole, martian, size, hemisphere",0.3522000014781952,3.0
596,"name, feature, make, olympus, valley, map, new, establish, play, albedo",0.48840001225471497,2.0
597,"india, northern, period, world, southern, dynasty, rule, plain, result, early",0.6401000022888184,5.0
598,"name, feature, make, olympus, valley, map, new, establish, play, albedo",0.7132999897003174,2.0
599,"mar, call, cup, impact, cover, cap, pole, martian, size, hemisphere",0.4860000014305115,3.0
600,"name, feature, make, olympus, valley, map, new, establish, play, albedo",0.5515000224113464,2.0
601,"india, northern, period, world, southern, dynasty, rule, plain, result, early",0.5932999849319458,5.0
602,"india, northern, period, world, southern, dynasty, rule, plain, result, early",0.6784999966621399,5.0
603,"mar, water, surface, earth, crater, large, ice, name, area, small",0.29179999232292175,0.0
604,"defeat, india, team, point, tournament, year, many, contain, match, war",0.3499999940395355,1.0
605,"india, northern, period, world, southern, dynasty, rule, plain, result, early",0.8356999754905701,5.0
606,"india, northern, period, world, southern, dynasty, rule, plain, result, early",0.5401999950408936,5.0
607,"defeat, india, team, point, tournament, year, many, contain, match, war",0.36719998717308044,1.0
608,"defeat, india, team, point, tournament, year, many, contain, match, war",0.45969998836517334,1.0
609,"india, northern, period, world, southern, dynasty, rule, plain, result, early",0.20489999651908875,5.0
610,"india, northern, period, world, southern, dynasty, rule, plain, result, early",0.2718000113964081,5.0
611,"mar, water, surface, earth, crater, large, ice, name, area, small",0.3479999899864197,0.0
612,"mar, call, cup, impact, cover, cap, pole, martian, size, hemisphere",0.5199000239372253,3.0
613,"name, feature, make, olympus, valley, map, new, establish, play, albedo",0.29319998621940613,2.0
614,"defeat, india, team, point, tournament, year, many, contain, match, war",0.4690000116825104,1.0
615,"defeat, india, team, point, tournament, year, many, contain, match, war",0.684499979019165,1.0
616,"india, empire, kingdom, company, maratha, later, show, become, east, however",0.3824999928474426,4.0
617,"india, empire, kingdom, company, maratha, later, show, become, east, however",0.4596000015735626,4.0
618,"defeat, india, team, point, tournament, year, many, contain, match, war",0.4885999858379364,1.0
619,"defeat, india, team, point, tournament, year, many, contain, match, war",0.7046999931335449,1.0
620,"name, feature, make, olympus, valley, map, new, establish, play, albedo",0.5210000276565552,2.0
621,"india, empire, kingdom, company, maratha, later, show, become, east, however",0.47209998965263367,4.0
622,"mar, call, cup, impact, cover, cap, pole, martian, size, hemisphere",0.5511999726295471,3.0
623,"name, feature, make, olympus, valley, map, new, establish, play, albedo",0.43959999084472656,2.0
624,"defeat, india, team, point, tournament, year, many, contain, match, war",0.6215999722480774,1.0
625,"defeat, india, team, point, tournament, year, many, contain, match, war",0.421999990940094,1.0
626,"defeat, india, team, point, tournament, year, many, contain, match, war",0.708899974822998,1.0
627,"mar, water, surface, earth, crater, large, ice, name, area, small",0.6570000052452087,0.0
628,"mar, call, cup, impact, cover, cap, pole, martian, size, hemisphere",0.5497000217437744,3.0
629,"defeat, india, team, point, tournament, year, many, contain, match, war",0.453900009393692,1.0
630,"mar, water, surface, earth, crater, large, ice, name, area, small",0.36640000343322754,0.0
631,"mar, water, surface, earth, crater, large, ice, name, area, small",0.42890000343322754,0.0
632,"defeat, india, team, point, tournament, year, many, contain, match, war",0.4372999966144562,1.0
633,"mar, water, surface, earth, crater, large, ice, name, area, small",0.5182999968528748,0.0
634,"india, northern, period, world, southern, dynasty, rule, plain, result, early",0.39879998564720154,5.0
635,"name, feature, make, olympus, valley, map, new, establish, play, albedo",0.4740000069141388,2.0
636,"name, feature, make, olympus, valley, map, new, establish, play, albedo",0.6428999900817871,2.0
637,"defeat, india, team, point, tournament, year, many, contain, match, war",0.2651999890804291,1.0
638,"defeat, india, team, point, tournament, year, many, contain, match, war",0.614799976348877,1.0
639,"mar, water, surface, earth, crater, large, ice, name, area, small",0.4142000079154968,0.0
640,"mar, water, surface, earth, crater, large, ice, name, area, small",0.5443000197410583,0.0
641,"name, feature, make, olympus, valley, map, new, establish, play, albedo",0.499099999666214,2.0
642,"mar, call, cup, impact, cover, cap, pole, martian, size, hemisphere",0.5785999894142151,3.0
643,"defeat, india, team, point, tournament, year, many, contain, match, war",0.4668999910354614,1.0
644,"name, feature, make, olympus, valley, map, new, establish, play, albedo",0.6460000276565552,2.0
645,"mar, call, cup, impact, cover, cap, pole, martian, size, hemisphere",0.4812000095844269,3.0
646,"india, northern, period, world, southern, dynasty, rule, plain, result, early",0.48809999227523804,5.0
647,"india, empire, kingdom, company, maratha, later, show, become, east, however",0.6758000254631042,4.0
648,"defeat, india, team, point, tournament, year, many, contain, match, war",0.328900009393692,1.0
649,"defeat, india, team, point, tournament, year, many, contain, match, war",0.4814000129699707,1.0
650,"defeat, india, team, point, tournament, year, many, contain, match, war",0.5235000252723694,1.0
651,"defeat, india, team, point, tournament, year, many, contain, match, war",0.8586000204086304,1.0
652,"defeat, india, team, point, tournament, year, many, contain, match, war",0.43700000643730164,1.0
653,"mar, call, cup, impact, cover, cap, pole, martian, size, hemisphere",0.5859000086784363,3.0
654,"mar, call, cup, impact, cover, cap, pole, martian, size, hemisphere",0.42719998955726624,3.0
655,"defeat, india, team, point, tournament, year, many, contain, match, war",0.5317999720573425,1.0
656,"defeat, india, team, point, tournament, year, many, contain, match, war",0.7437000274658203,1.0
657,"india, northern, period, world, southern, dynasty, rule, plain, result, early",0.4934999942779541,5.0
658,"mar, call, cup, impact, cover, cap, pole, martian, size, hemisphere",0.5842999815940857,3.0
659,"name, feature, make, olympus, valley, map, new, establish, play, albedo",0.36250001192092896,2.0
660,"mar, call, cup, impact, cover, cap, pole, martian, size, hemisphere",0.46860000491142273,3.0
661,"mar, call, cup, impact, cover, cap, pole, martian, size, hemisphere",0.5375999808311462,3.0
662,"defeat, india, team, point, tournament, year, many, contain, match, war",0.7430999875068665,1.0
663,"mar, call, cup, impact, cover, cap, pole, martian, size, hemisphere",0.47350001335144043,3.0
664,"india, empire, kingdom, company, maratha, later, show, become, east, however",0.6783000230789185,4.0
665,"defeat, india, team, point, tournament, year, many, contain, match, war",0.3756999969482422,1.0
666,"mar, water, surface, earth, crater, large, ice, name, area, small",0.3682999908924103,0.0
667,"defeat, india, team, point, tournament, year, many, contain, match, war",0.5421000123023987,1.0
668,"mar, water, surface, earth, crater, large, ice, name, area, small",0.6169999837875366,0.0
669,"mar, water, surface, earth, crater, large, ice, name, area, small",0.4117000102996826,0.0
670,"defeat, india, team, point, tournament, year, many, contain, match, war",0.3743000030517578,1.0
671,"defeat, india, team, point, tournament, year, many, contain, match, war",0.6590999960899353,1.0
672,"defeat, india, team, point, tournament, year, many, contain, match, war",0.3255000114440918,1.0
673,"mar, water, surface, earth, crater, large, ice, name, area, small",0.4255000054836273,0.0
674,"defeat, india, team, point, tournament, year, many, contain, match, war",0.46709999442100525,1.0
675,"defeat, india, team, point, tournament, year, many, contain, match, war",0.7095000147819519,1.0
676,"india, empire, kingdom, company, maratha, later, show, become, east, however",0.5187000036239624,4.0
677,"name, feature, make, olympus, valley, map, new, establish, play, albedo",0.2612000107765198,2.0
678,"mar, call, cup, impact, cover, cap, pole, martian, size, hemisphere",0.5625,3.0
679,"mar, call, cup, impact, cover, cap, pole, martian, size, hemisphere",0.3783000111579895,3.0
680,"mar, call, cup, impact, cover, cap, pole, martian, size, hemisphere",0.39559999108314514,3.0
681,"name, feature, make, olympus, valley, map, new, establish, play, albedo",0.6121000051498413,2.0
682,"defeat, india, team, point, tournament, year, many, contain, match, war",0.4009000062942505,1.0
683,"india, northern, period, world, southern, dynasty, rule, plain, result, early",0.40389999747276306,5.0
684,"india, northern, period, world, southern, dynasty, rule, plain, result, early",0.30379998683929443,5.0
685,"india, empire, kingdom, company, maratha, later, show, become, east, however",0.3935000002384186,4.0
686,"mar, water, surface, earth, crater, large, ice, name, area, small",0.4320000112056732,0.0
687,"name, feature, make, olympus, valley, map, new, establish, play, albedo",0.4498000144958496,2.0
688,"mar, call, cup, impact, cover, cap, pole, martian, size, hemisphere",0.4837999939918518,3.0
689,"india, northern, period, world, southern, dynasty, rule, plain, result, early",0.6065999865531921,5.0
690,"defeat, india, team, point, tournament, year, many, contain, match, war",0.6442999839782715,1.0
691,"mar, call, cup, impact, cover, cap, pole, martian, size, hemisphere",0.611299991607666,3.0
692,"mar, water, surface, earth, crater, large, ice, name, area, small",0.5974000096321106,0.0
693,"defeat, india, team, point, tournament, year, many, contain, match, war",0.857200026512146,1.0
694,"defeat, india, team, point, tournament, year, many, contain, match, war",0.6844000220298767,1.0
695,"mar, call, cup, impact, cover, cap, pole, martian, size, hemisphere",0.5787000060081482,3.0
696,"defeat, india, team, point, tournament, year, many, contain, match, war",0.7257000207901001,1.0
697,"defeat, india, team, point, tournament, year, many, contain, match, war",0.5537999868392944,1.0
698,"defeat, india, team, point, tournament, year, many, contain, match, war",0.5242000222206116,1.0
699,"mar, call, cup, impact, cover, cap, pole, martian, size, hemisphere",0.6010000109672546,3.0
700,"defeat, india, team, point, tournament, year, many, contain, match, war",0.40560001134872437,1.0
701,"defeat, india, team, point, tournament, year, many, contain, match, war",0.4846999943256378,1.0
702,"defeat, india, team, point, tournament, year, many, contain, match, war",0.6610000133514404,1.0
703,"india, northern, period, world, southern, dynasty, rule, plain, result, early",0.7448999881744385,5.0
704,"mar, call, cup, impact, cover, cap, pole, martian, size, hemisphere",0.5302000045776367,3.0
705,"defeat, india, team, point, tournament, year, many, contain, match, war",0.6021000146865845,1.0
706,"defeat, india, team, point, tournament, year, many, contain, match, war",0.5863000154495239,1.0
707,"mar, water, surface, earth, crater, large, ice, name, area, small",0.4643000066280365,0.0
708,"mar, water, surface, earth, crater, large, ice, name, area, small",0.6473000049591064,0.0
709,"defeat, india, team, point, tournament, year, many, contain, match, war",0.4345000088214874,1.0
710,"defeat, india, team, point, tournament, year, many, contain, match, war",0.34439998865127563,1.0
711,"defeat, india, team, point, tournament, year, many, contain, match, war",0.8046000003814697,1.0
712,"mar, water, surface, earth, crater, large, ice, name, area, small",0.44369998574256897,0.0
713,"defeat, india, team, point, tournament, year, many, contain, match, war",0.738099992275238,1.0
714,"mar, water, surface, earth, crater, large, ice, name, area, small",0.4805999994277954,0.0
715,"mar, call, cup, impact, cover, cap, pole, martian, size, hemisphere",0.5612000226974487,3.0
716,"defeat, india, team, point, tournament, year, many, contain, match, war",0.44690001010894775,1.0
717,"name, feature, make, olympus, valley, map, new, establish, play, albedo",0.6740000247955322,2.0
718,"mar, water, surface, earth, crater, large, ice, name, area, small",0.43540000915527344,0.0
719,"name, feature, make, olympus, valley, map, new, establish, play, albedo",0.3894999921321869,2.0
720,"mar, water, surface, earth, crater, large, ice, name, area, small",0.4876999855041504,0.0
721,"mar, call, cup, impact, cover, cap, pole, martian, size, hemisphere",0.6363000273704529,3.0
722,"mar, call, cup, impact, cover, cap, pole, martian, size, hemisphere",0.43860000371932983,3.0
723,"mar, call, cup, impact, cover, cap, pole, martian, size, hemisphere",0.3377000093460083,3.0
724,"mar, call, cup, impact, cover, cap, pole, martian, size, hemisphere",0.7360000014305115,3.0
725,"mar, call, cup, impact, cover, cap, pole, martian, size, hemisphere",0.37700000405311584,3.0
726,"mar, call, cup, impact, cover, cap, pole, martian, size, hemisphere",0.5809999704360962,3.0
727,"mar, water, surface, earth, crater, large, ice, name, area, small",0.49549999833106995,0.0
728,"mar, water, surface, earth, crater, large, ice, name, area, small",0.7315000295639038,0.0
729,"mar, water, surface, earth, crater, large, ice, name, area, small",0.37940001487731934,0.0
730,"mar, water, surface, earth, crater, large, ice, name, area, small",0.3077999949455261,0.0
731,"mar, water, surface, earth, crater, large, ice, name, area, small",0.3935000002384186,0.0
732,"india, empire, kingdom, company, maratha, later, show, become, east, however",0.45489999651908875,4.0
733,"mar, call, cup, impact, cover, cap, pole, martian, size, hemisphere",0.5525000095367432,3.0
734,"name, feature, make, olympus, valley, map, new, establish, play, albedo",0.8440999984741211,2.0
735,"india, empire, kingdom, company, maratha, later, show, become, east, however",0.5109000205993652,4.0
736,"defeat, india, team, point, tournament, year, many, contain, match, war",0.32510000467300415,1.0
737,"mar, water, surface, earth, crater, large, ice, name, area, small",0.4697999954223633,0.0
738,"mar, call, cup, impact, cover, cap, pole, martian, size, hemisphere",0.5845999717712402,3.0
739,"mar, water, surface, earth, crater, large, ice, name, area, small",0.741599977016449,0.0
740,"mar, water, surface, earth, crater, large, ice, name, area, small",0.5733000040054321,0.0
741,"mar, call, cup, impact, cover, cap, pole, martian, size, hemisphere",0.7026000022888184,3.0
742,"mar, water, surface, earth, crater, large, ice, name, area, small",0.8614000082015991,0.0
743,"mar, water, surface, earth, crater, large, ice, name, area, small",0.6169999837875366,0.0
744,"name, feature, make, olympus, valley, map, new, establish, play, albedo",0.6488999724388123,2.0
745,"name, feature, make, olympus, valley, map, new, establish, play, albedo",0.6499000191688538,2.0
746,"mar, call, cup, impact, cover, cap, pole, martian, size, hemisphere",0.6948000192642212,3.0
747,"mar, water, surface, earth, crater, large, ice, name, area, small",0.8343999981880188,0.0
748,"mar, call, cup, impact, cover, cap, pole, martian, size, hemisphere",0.6671000123023987,3.0
749,"name, feature, make, olympus, valley, map, new, establish, play, albedo",0.36970001459121704,2.0
750,"mar, call, cup, impact, cover, cap, pole, martian, size, hemisphere",0.5281999707221985,3.0
751,"mar, water, surface, earth, crater, large, ice, name, area, small",0.6510000228881836,0.0
752,"defeat, india, team, point, tournament, year, many, contain, match, war",0.45829999446868896,1.0
753,"mar, call, cup, impact, cover, cap, pole, martian, size, hemisphere",0.45339998602867126,3.0
754,"mar, call, cup, impact, cover, cap, pole, martian, size, hemisphere",0.5835000276565552,3.0
755,"mar, call, cup, impact, cover, cap, pole, martian, size, hemisphere",0.6193000078201294,3.0
756,"mar, water, surface, earth, crater, large, ice, name, area, small",0.41429999470710754,0.0
757,"mar, water, surface, earth, crater, large, ice, name, area, small",0.7178000211715698,0.0
758,"defeat, india, team, point, tournament, year, many, contain, match, war",0.3463999927043915,1.0
759,"mar, call, cup, impact, cover, cap, pole, martian, size, hemisphere",0.35690000653266907,3.0
760,"mar, call, cup, impact, cover, cap, pole, martian, size, hemisphere",0.40860000252723694,3.0
761,"mar, water, surface, earth, crater, large, ice, name, area, small",0.3736000061035156,0.0
762,"mar, water, surface, earth, crater, large, ice, name, area, small",0.6940000057220459,0.0
763,"india, northern, period, world, southern, dynasty, rule, plain, result, early",0.20489999651908875,5.0
764,"mar, water, surface, earth, crater, large, ice, name, area, small",0.34209999442100525,0.0
765,"india, northern, period, world, southern, dynasty, rule, plain, result, early",0.513700008392334,5.0
766,"mar, water, surface, earth, crater, large, ice, name, area, small",0.8756999969482422,0.0
767,"defeat, india, team, point, tournament, year, many, contain, match, war",0.5825999975204468,1.0
768,"mar, water, surface, earth, crater, large, ice, name, area, small",0.4156000018119812,0.0
769,"mar, call, cup, impact, cover, cap, pole, martian, size, hemisphere",0.33709999918937683,3.0
770,"mar, water, surface, earth, crater, large, ice, name, area, small",0.5885000228881836,0.0
771,"defeat, india, team, point, tournament, year, many, contain, match, war",0.41200000047683716,1.0
772,"mar, water, surface, earth, crater, large, ice, name, area, small",0.7728999853134155,0.0
773,"mar, water, surface, earth, crater, large, ice, name, area, small",0.44600000977516174,0.0
774,"mar, water, surface, earth, crater, large, ice, name, area, small",0.7203999757766724,0.0
775,"mar, water, surface, earth, crater, large, ice, name, area, small",0.7694000005722046,0.0
776,"mar, water, surface, earth, crater, large, ice, name, area, small",0.6129000186920166,0.0
777,"mar, water, surface, earth, crater, large, ice, name, area, small",0.6373000144958496,0.0
778,"mar, call, cup, impact, cover, cap, pole, martian, size, hemisphere",0.7354999780654907,3.0
779,"india, northern, period, world, southern, dynasty, rule, plain, result, early",0.20489999651908875,5.0
780,"name, feature, make, olympus, valley, map, new, establish, play, albedo",0.7860000133514404,2.0
781,"mar, call, cup, impact, cover, cap, pole, martian, size, hemisphere",0.39809998869895935,3.0
782,"mar, water, surface, earth, crater, large, ice, name, area, small",0.8343999981880188,0.0
783,"name, feature, make, olympus, valley, map, new, establish, play, albedo",0.5615000128746033,2.0
784,"name, feature, make, olympus, valley, map, new, establish, play, albedo",0.398499995470047,2.0
785,"mar, water, surface, earth, crater, large, ice, name, area, small",0.8044000267982483,0.0
786,"mar, water, surface, earth, crater, large, ice, name, area, small",0.7502999901771545,0.0
787,"mar, water, surface, earth, crater, large, ice, name, area, small",0.5821999907493591,0.0
788,"name, feature, make, olympus, valley, map, new, establish, play, albedo",0.6378999948501587,2.0
789,"mar, call, cup, impact, cover, cap, pole, martian, size, hemisphere",0.8794999718666077,3.0
790,"mar, call, cup, impact, cover, cap, pole, martian, size, hemisphere",0.4803999960422516,3.0
791,"mar, call, cup, impact, cover, cap, pole, martian, size, hemisphere",0.6654000282287598,3.0
792,"mar, water, surface, earth, crater, large, ice, name, area, small",0.47099998593330383,0.0
793,"mar, call, cup, impact, cover, cap, pole, martian, size, hemisphere",0.42719998955726624,3.0
794,"mar, water, surface, earth, crater, large, ice, name, area, small",0.885699987411499,0.0
795,"mar, water, surface, earth, crater, large, ice, name, area, small",0.8513000011444092,0.0
796,"mar, water, surface, earth, crater, large, ice, name, area, small",0.6966999769210815,0.0
797,"mar, call, cup, impact, cover, cap, pole, martian, size, hemisphere",0.6679999828338623,3.0
798,"mar, water, surface, earth, crater, large, ice, name, area, small",0.5440999865531921,0.0
799,"name, feature, make, olympus, valley, map, new, establish, play, albedo",0.5996999740600586,2.0
800,"mar, water, surface, earth, crater, large, ice, name, area, small",0.6158999800682068,0.0
801,"india, empire, kingdom, company, maratha, later, show, become, east, however",0.6535000205039978,4.0
802,"name, feature, make, olympus, valley, map, new, establish, play, albedo",0.4074999988079071,2.0
803,"india, northern, period, world, southern, dynasty, rule, plain, result, early",0.5393000245094299,5.0
804,"defeat, india, team, point, tournament, year, many, contain, match, war",0.7749000191688538,1.0
805,"mar, call, cup, impact, cover, cap, pole, martian, size, hemisphere",0.6717000007629395,3.0
806,"mar, water, surface, earth, crater, large, ice, name, area, small",0.48069998621940613,0.0
807,"defeat, india, team, point, tournament, year, many, contain, match, war",0.4569000005722046,1.0
808,"defeat, india, team, point, tournament, year, many, contain, match, war",0.41429999470710754,1.0
809,"mar, call, cup, impact, cover, cap, pole, martian, size, hemisphere",0.5281000137329102,3.0
810,"mar, call, cup, impact, cover, cap, pole, martian, size, hemisphere",0.4625000059604645,3.0
811,"mar, water, surface, earth, crater, large, ice, name, area, small",0.41749998927116394,0.0
812,"mar, water, surface, earth, crater, large, ice, name, area, small",0.7117000222206116,0.0
813,"india, northern, period, world, southern, dynasty, rule, plain, result, early",0.48820000886917114,5.0
814,"mar, call, cup, impact, cover, cap, pole, martian, size, hemisphere",0.5526000261306763,3.0
815,"mar, water, surface, earth, crater, large, ice, name, area, small",0.5228000283241272,0.0
816,"mar, call, cup, impact, cover, cap, pole, martian, size, hemisphere",0.559499979019165,3.0
817,"mar, call, cup, impact, cover, cap, pole, martian, size, hemisphere",0.7138000130653381,3.0
818,"mar, call, cup, impact, cover, cap, pole, martian, size, hemisphere",0.5360999703407288,3.0
819,"mar, water, surface, earth, crater, large, ice, name, area, small",0.40860000252723694,0.0
820,"mar, water, surface, earth, crater, large, ice, name, area, small",0.7497000098228455,0.0
821,"mar, call, cup, impact, cover, cap, pole, martian, size, hemisphere",0.6740999817848206,3.0
822,"mar, water, surface, earth, crater, large, ice, name, area, small",0.36340001225471497,0.0
823,"mar, water, surface, earth, crater, large, ice, name, area, small",0.7753000259399414,0.0
824,"mar, water, surface, earth, crater, large, ice, name, area, small",0.4934999942779541,0.0
825,"mar, call, cup, impact, cover, cap, pole, martian, size, hemisphere",0.42890000343322754,3.0
826,"name, feature, make, olympus, valley, map, new, establish, play, albedo",0.559499979019165,2.0
827,"mar, water, surface, earth, crater, large, ice, name, area, small",0.5227000117301941,0.0
828,"india, northern, period, world, southern, dynasty, rule, plain, result, early",0.38370001316070557,5.0
829,"name, feature, make, olympus, valley, map, new, establish, play, albedo",0.8029999732971191,2.0
830,"name, feature, make, olympus, valley, map, new, establish, play, albedo",0.7911999821662903,2.0
831,"name, feature, make, olympus, valley, map, new, establish, play, albedo",0.5253000259399414,2.0
832,"mar, water, surface, earth, crater, large, ice, name, area, small",0.4715000092983246,0.0
833,"mar, call, cup, impact, cover, cap, pole, martian, size, hemisphere",0.33629998564720154,3.0
834,"mar, water, surface, earth, crater, large, ice, name, area, small",0.5579000115394592,0.0
835,"mar, call, cup, impact, cover, cap, pole, martian, size, hemisphere",0.6218000054359436,3.0
836,"mar, water, surface, earth, crater, large, ice, name, area, small",0.8503999710083008,0.0
837,"mar, call, cup, impact, cover, cap, pole, martian, size, hemisphere",0.6897000074386597,3.0
838,"mar, water, surface, earth, crater, large, ice, name, area, small",0.691100001335144,0.0
839,"mar, water, surface, earth, crater, large, ice, name, area, small",0.5342000126838684,0.0
840,"mar, water, surface, earth, crater, large, ice, name, area, small",0.7035999894142151,0.0
841,"mar, water, surface, earth, crater, large, ice, name, area, small",0.6764000058174133,0.0
842,"mar, water, surface, earth, crater, large, ice, name, area, small",0.6741999983787537,0.0
843,"mar, water, surface, earth, crater, large, ice, name, area, small",0.6064000129699707,0.0
844,"defeat, india, team, point, tournament, year, many, contain, match, war",0.5195000171661377,1.0
845,"mar, water, surface, earth, crater, large, ice, name, area, small",0.4878999888896942,0.0
846,"name, feature, make, olympus, valley, map, new, establish, play, albedo",0.45329999923706055,2.0
847,"name, feature, make, olympus, valley, map, new, establish, play, albedo",0.44359999895095825,2.0
848,"name, feature, make, olympus, valley, map, new, establish, play, albedo",0.4797999858856201,2.0
849,"mar, call, cup, impact, cover, cap, pole, martian, size, hemisphere",0.6643000245094299,3.0
850,"mar, water, surface, earth, crater, large, ice, name, area, small",0.6011999845504761,0.0
851,"defeat, india, team, point, tournament, year, many, contain, match, war",0.43369999527931213,1.0
852,"india, northern, period, world, southern, dynasty, rule, plain, result, early",0.5267000198364258,5.0
853,"mar, water, surface, earth, crater, large, ice, name, area, small",0.6305999755859375,0.0
854,"mar, water, surface, earth, crater, large, ice, name, area, small",0.7626000046730042,0.0
855,"name, feature, make, olympus, valley, map, new, establish, play, albedo",0.39309999346733093,2.0
856,"mar, water, surface, earth, crater, large, ice, name, area, small",0.7488999962806702,0.0
857,"mar, water, surface, earth, crater, large, ice, name, area, small",0.5277000069618225,0.0
858,"mar, water, surface, earth, crater, large, ice, name, area, small",0.5267000198364258,0.0
859,"mar, call, cup, impact, cover, cap, pole, martian, size, hemisphere",0.4715000092983246,3.0
860,"mar, water, surface, earth, crater, large, ice, name, area, small",0.6226999759674072,0.0
861,"india, empire, kingdom, company, maratha, later, show, become, east, however",0.5253999829292297,4.0
862,"mar, water, surface, earth, crater, large, ice, name, area, small",0.7591999769210815,0.0
863,"mar, water, surface, earth, crater, large, ice, name, area, small",0.777400016784668,0.0
864,"mar, water, surface, earth, crater, large, ice, name, area, small",0.6518999934196472,0.0
865,"defeat, india, team, point, tournament, year, many, contain, match, war",0.5817000269889832,1.0
866,"mar, call, cup, impact, cover, cap, pole, martian, size, hemisphere",0.8614000082015991,3.0
867,"mar, call, cup, impact, cover, cap, pole, martian, size, hemisphere",0.5195000171661377,3.0
868,"mar, water, surface, earth, crater, large, ice, name, area, small",0.48969998955726624,0.0
869,"mar, water, surface, earth, crater, large, ice, name, area, small",0.7300000190734863,0.0
870,"mar, water, surface, earth, crater, large, ice, name, area, small",0.6534000039100647,0.0
871,"mar, water, surface, earth, crater, large, ice, name, area, small",0.6029000282287598,0.0
872,"mar, water, surface, earth, crater, large, ice, name, area, small",0.3310999870300293,0.0
873,"mar, water, surface, earth, crater, large, ice, name, area, small",0.5795999765396118,0.0
874,"mar, water, surface, earth, crater, large, ice, name, area, small",0.7028999924659729,0.0
875,"mar, water, surface, earth, crater, large, ice, name, area, small",0.6449999809265137,0.0
876,"mar, call, cup, impact, cover, cap, pole, martian, size, hemisphere",0.8129000067710876,3.0
877,"mar, water, surface, earth, crater, large, ice, name, area, small",0.7846999764442444,0.0
878,"mar, call, cup, impact, cover, cap, pole, martian, size, hemisphere",0.7960000038146973,3.0
879,"mar, water, surface, earth, crater, large, ice, name, area, small",0.6753000020980835,0.0
880,"mar, water, surface, earth, crater, large, ice, name, area, small",0.557699978351593,0.0
881,"mar, call, cup, impact, cover, cap, pole, martian, size, hemisphere",0.5860999822616577,3.0
882,"mar, call, cup, impact, cover, cap, pole, martian, size, hemisphere",0.453000009059906,3.0
883,"mar, water, surface, earth, crater, large, ice, name, area, small",0.6905999779701233,0.0
884,"mar, call, cup, impact, cover, cap, pole, martian, size, hemisphere",0.6553999781608582,3.0
885,"mar, water, surface, earth, crater, large, ice, name, area, small",0.7246000170707703,0.0
886,"mar, water, surface, earth, crater, large, ice, name, area, small",0.8513000011444092,0.0
887,"mar, water, surface, earth, crater, large, ice, name, area, small",0.7202000021934509,0.0
888,"mar, water, surface, earth, crater, large, ice, name, area, small",0.7239000201225281,0.0
889,"mar, call, cup, impact, cover, cap, pole, martian, size, hemisphere",0.6837999820709229,3.0
890,"mar, water, surface, earth, crater, large, ice, name, area, small",0.7494999766349792,0.0
891,"india, northern, period, world, southern, dynasty, rule, plain, result, early",0.6323000192642212,5.0
892,"india, empire, kingdom, company, maratha, later, show, become, east, however",0.6164000034332275,4.0
893,"mar, call, cup, impact, cover, cap, pole, martian, size, hemisphere",0.48010000586509705,3.0
894,"mar, water, surface, earth, crater, large, ice, name, area, small",0.8338000178337097,0.0
895,"mar, water, surface, earth, crater, large, ice, name, area, small",0.6150000095367432,0.0
896,"mar, water, surface, earth, crater, large, ice, name, area, small",0.6840000152587891,0.0
897,"mar, call, cup, impact, cover, cap, pole, martian, size, hemisphere",0.4178999960422516,3.0
898,"mar, water, surface, earth, crater, large, ice, name, area, small",0.39969998598098755,0.0
899,"mar, call, cup, impact, cover, cap, pole, martian, size, hemisphere",0.6177999973297119,3.0
900,"name, feature, make, olympus, valley, map, new, establish, play, albedo",0.38960000872612,2.0
901,"name, feature, make, olympus, valley, map, new, establish, play, albedo",0.6261000037193298,2.0
902,"mar, water, surface, earth, crater, large, ice, name, area, small",0.6244999766349792,0.0
903,"mar, water, surface, earth, crater, large, ice, name, area, small",0.7716000080108643,0.0
904,"name, feature, make, olympus, valley, map, new, establish, play, albedo",0.5817999839782715,2.0
905,"name, feature, make, olympus, valley, map, new, establish, play, albedo",0.5956000089645386,2.0
906,"name, feature, make, olympus, valley, map, new, establish, play, albedo",0.6746000051498413,2.0
907,"mar, water, surface, earth, crater, large, ice, name, area, small",0.7717999815940857,0.0
908,"india, northern, period, world, southern, dynasty, rule, plain, result, early",0.43790000677108765,5.0
909,"name, feature, make, olympus, valley, map, new, establish, play, albedo",0.7882000207901001,2.0
910,"mar, water, surface, earth, crater, large, ice, name, area, small",0.8485999703407288,0.0
911,"mar, call, cup, impact, cover, cap, pole, martian, size, hemisphere",0.7534000277519226,3.0
912,"mar, call, cup, impact, cover, cap, pole, martian, size, hemisphere",0.8411999940872192,3.0
913,"mar, call, cup, impact, cover, cap, pole, martian, size, hemisphere",0.7746000289916992,3.0
914,"mar, water, surface, earth, crater, large, ice, name, area, small",0.6467000246047974,0.0
915,"india, empire, kingdom, company, maratha, later, show, become, east, however",0.683899998664856,4.0
916,"mar, call, cup, impact, cover, cap, pole, martian, size, hemisphere",0.7228000164031982,3.0
917,"mar, water, surface, earth, crater, large, ice, name, area, small",0.7301999926567078,0.0
918,"mar, water, surface, earth, crater, large, ice, name, area, small",0.6901000142097473,0.0
919,"mar, water, surface, earth, crater, large, ice, name, area, small",0.5177000164985657,0.0
920,"india, northern, period, world, southern, dynasty, rule, plain, result, early",0.48829999566078186,5.0
921,"mar, call, cup, impact, cover, cap, pole, martian, size, hemisphere",0.6010000109672546,3.0
922,"mar, call, cup, impact, cover, cap, pole, martian, size, hemisphere",0.45089998841285706,3.0
923,"mar, call, cup, impact, cover, cap, pole, martian, size, hemisphere",0.374099999666214,3.0
924,"india, empire, kingdom, company, maratha, later, show, become, east, however",0.5960999727249146,4.0
